{"data_time": 0.008784004487097263, "eta_seconds": 5065.550323819043, "fast_rcnn/cls_accuracy": 0.39453125, "fast_rcnn/false_negative": 0.5419018671298307, "fast_rcnn/fg_cls_accuracy": 0.4580981328701693, "iteration": 19, "loss_box_reg": 0.5456014573574066, "loss_cls": 0.7278757691383362, "loss_mask": 0.6871292293071747, "loss_rpn_cls": 0.04116789996623993, "loss_rpn_loc": 0.00676617375575006, "lr": 1.60675e-05, "mask_rcnn/accuracy": 0.8547507060860059, "mask_rcnn/false_negative": 0.14134715461120045, "mask_rcnn/false_positive": 0.029457166956222018, "roi_head/num_bg_samples": 104.75, "roi_head/num_fg_samples": 23.25, "rpn/num_neg_anchors": 244.5, "rpn/num_pos_anchors": 11.5, "time": 18.091251156496583, "total_loss": 2.0359768134658225}
{"data_time": 0.01017276500351727, "eta_seconds": 4913.606934082927, "fast_rcnn/cls_accuracy": 0.75390625, "fast_rcnn/false_negative": 0.7720588235294117, "fast_rcnn/fg_cls_accuracy": 0.22794117647058823, "iteration": 39, "loss_box_reg": 0.5666901171207428, "loss_cls": 0.5901477038860321, "loss_mask": 0.5914226770401001, "loss_rpn_cls": 0.016741267405450344, "loss_rpn_loc": 0.006217146059498191, "lr": 3.2717500000000007e-05, "mask_rcnn/accuracy": 0.9009812327941209, "mask_rcnn/false_negative": 0.0008954693365667436, "mask_rcnn/false_positive": 0.24715243071081583, "roi_head/num_bg_samples": 106.0, "roi_head/num_fg_samples": 22.0, "rpn/num_neg_anchors": 245.5, "rpn/num_pos_anchors": 10.5, "time": 19.54051094749593, "total_loss": 1.8316618497483432}
{"data_time": 0.009567357497871853, "eta_seconds": 4502.833439998794, "fast_rcnn/cls_accuracy": 0.826171875, "fast_rcnn/false_negative": 0.975609756097561, "fast_rcnn/fg_cls_accuracy": 0.024390243902439025, "iteration": 59, "loss_box_reg": 0.6182067692279816, "loss_cls": 0.4703998863697052, "loss_mask": 0.4732827991247177, "loss_rpn_cls": 0.021306106820702553, "loss_rpn_loc": 0.008222867269068956, "lr": 4.93675e-05, "mask_rcnn/accuracy": 0.9178055988020208, "mask_rcnn/false_negative": 0.0012664706217368443, "mask_rcnn/false_positive": 0.2276793996992783, "roi_head/num_bg_samples": 105.75, "roi_head/num_fg_samples": 22.25, "rpn/num_neg_anchors": 240.5, "rpn/num_pos_anchors": 15.5, "time": 18.431489481488825, "total_loss": 1.54623559769243}
{"data_time": 0.009039904500241391, "eta_seconds": 4157.667405762477, "fast_rcnn/cls_accuracy": 0.81640625, "fast_rcnn/false_negative": 0.9821200510855683, "fast_rcnn/fg_cls_accuracy": 0.017879948914431672, "iteration": 79, "loss_box_reg": 0.6334717571735382, "loss_cls": 0.3635108768939972, "loss_mask": 0.362543985247612, "loss_rpn_cls": 0.017163662239909172, "loss_rpn_loc": 0.005419224500656128, "lr": 6.60175e-05, "mask_rcnn/accuracy": 0.9244453892668179, "mask_rcnn/false_negative": 0.0023487751379921732, "mask_rcnn/false_positive": 0.19711780101312046, "roi_head/num_bg_samples": 103.5, "roi_head/num_fg_samples": 24.5, "rpn/num_neg_anchors": 244.5, "rpn/num_pos_anchors": 11.5, "time": 19.370049999502953, "total_loss": 1.400994319934398}
{"data_time": 0.008564677511458285, "eta_seconds": 3731.6493944992544, "fast_rcnn/cls_accuracy": 0.873046875, "fast_rcnn/false_negative": 0.6987179487179487, "fast_rcnn/fg_cls_accuracy": 0.30128205128205127, "iteration": 99, "loss_box_reg": 0.6783578395843506, "loss_cls": 0.3093434274196625, "loss_mask": 0.27252553403377533, "loss_rpn_cls": 0.022636051289737225, "loss_rpn_loc": 0.00820272695273161, "lr": 8.266750000000001e-05, "mask_rcnn/accuracy": 0.9403689894761323, "mask_rcnn/false_negative": 0.0039071251237577445, "mask_rcnn/false_positive": 0.14417476580282382, "roi_head/num_bg_samples": 102.5, "roi_head/num_fg_samples": 25.5, "rpn/num_neg_anchors": 241.5, "rpn/num_pos_anchors": 14.5, "time": 18.224272379506147, "total_loss": 1.280293806164991}
